ID,MeanH,MeanA,DrawProb,League,LeagueRanking,NeutralField,rbS.FinalScoreH,rbS.FinalScoreA
42393,1.302,0.988,NA,French 2,3,0,0,1
42398,1.246,1.014,0.315,French 2,3,0,1,2
42408,1.438,0.862,NA,French 2,3,0,1,0
42428,1.433,0.847,NA,French 2,3,0,1,0
45153,0.803,1.615,NA,Eng. Premier,1,0,1,2
45308,1.334,1.216,0.297,Eng. Chship,2,0,2,2
45313,1.305,1.095,0.296,Eng. Chship,2,0,3,1
45318,1.447,1.603,0.287,Eng. Chship,2,0,2,0
45323,1.607,0.913,0.272,Eng. Chship,2,0,1,1
45328,1.882,1.008,0.241,Eng. Chship,2,0,1,2
45333,1.586,1.054,0.286,Eng. Chship,2,0,2,1
45338,1.404,1.126,0.297,Eng. Chship,2,0,3,0
45343,1.491,1.359,0.301,Eng. Premier,1,0,2,1
45448,1.327,1.423,NA,Scot Premier,3,0,0,1
45463,1.444,1.196,NA,Scot Premier,3,0,4,1
45478,1.318,1.002,0.298,Eng. Premier,1,0,0,2
45483,2.43,0.469,NA,Eng. Premier,1,0,1,1
45488,1.98,0.729,NA,Eng. Premier,1,0,1,0
45493,1.811,0.918,NA,Eng. Premier,1,0,1,0
45543,1.204,1.456,NA,Australia,4,0,0,2
45548,1.43,1.13,NA,Australia,4,0,2,1
45553,1.306,1.944,NA,E Club Frien,5,0,3,1
45648,0.995,1.704,NA,Cyprus 1st D,5,0,1,0
45658,1.591,0.969,NA,Cyprus 1st D,5,0,0,1
45668,2.054,0.795,NA,Cyprus 1st D,5,0,2,2
45683,1.319,1.501,0.279,Eng. FA Cup,2,0,1,1
45688,1.228,1.272,0.302,Eng. FA Cup,2,0,1,2
45693,1.529,0.861,0.271,Eng. FA Cup,2,0,0,1
45698,1.914,0.945,0.219,Eng. FA Cup,2,0,1,4
45703,1.336,1.324,0.303,Eng. FA Cup,2,0,2,1
45708,1.009,1.57,0.274,Eng. FA Cup,2,0,0,2
45713,2.205,0.554,0.182,Eng. FA Cup,2,0,2,1
45723,1.662,0.968,0.267,Eng. FA Cup,2,0,2,0
45728,1.516,1.014,0.284,Eng. FA Cup,2,0,2,2
45738,1.727,0.983,0.259,Eng. FA Cup,2,0,1,1
45743,1.405,1.045,0.29,Eng. FA Cup,2,0,0,3
45748,1.53,1.08,0.278,Eng. FA Cup,2,0,2,0
45753,1.547,1.043,0.278,Eng. FA Cup,2,0,1,0
45758,1.523,0.987,0.274,Eng. FA Cup,2,0,3,2
45813,2.717,0.503,0.144,Eng. FA Cup,2,0,1,1
45833,0.687,1.71,NA,Greek,4,0,1,2
45838,1.484,1.096,NA,Australia,4,0,1,2
45843,2.63,0.43,NA,Greek,4,0,1,0
45853,0.643,1.973,0.219,Eng. FA Cup,2,0,0,2
45858,1.923,0.796,0.224,Eng. FA Cup,2,0,2,2
45863,1.442,1.048,0.294,Eng. FA Cup,2,0,2,2
45868,1.246,1.174,NA,Cyprus 1st D,5,0,1,2
45873,1.77,1.3,NA,Cyprus 1st D,5,0,1,1
45883,1.254,0.816,NA,Greek,4,0,3,1
45893,0.573,2.283,0.189,Eng. FA Cup,2,0,1,1
45898,1.007,1.103,NA,Greek,4,0,0,1
45903,1.17,0.95,NA,Greek,4,0,0,2
45908,1.124,1.485,0.287,Eng. FA Cup,2,0,0,0
45913,0.813,1.287,NA,Greek,4,0,2,1
45918,1.364,0.806,NA,Greek,4,0,1,0
45923,1.039,1.49,NA,Australia,4,0,1,1
46008,1.742,0.908,NA,EngJP Trophy,5,0,1,0
46013,1.504,1.096,NA,EngJP Trophy,5,0,2,0
46018,1.166,1.284,0.3,Eng. L2,4,0,0,4
46068,2.093,1.027,NA,E Club Frien,5,0,2,1
46073,0.886,2.283,NA,E Club Frien,5,0,1,2
46103,1.358,0.922,NA,Portugal Cup,3,0,1,1
46108,1.076,1.294,NA,Portugal Cup,3,0,1,0
46113,2.111,0.518,NA,Spain Cup,2,0,4,1
46118,2.307,0.712,NA,Spain Cup,2,0,2,1
46123,2.736,0.555,NA,Spain Cup,2,0,2,1
46133,1.441,0.979,NA,Spain Cup,2,0,1,1
46143,2.006,0.813,NA,Spain Cup,2,0,1,1
46153,1.67,0.82,NA,Spain Cup,2,0,2,0
46158,2.758,0.483,NA,Spain Cup,2,0,4,3
46163,1.454,1.096,NA,Spain Cup,2,0,4,0
46168,2.306,0.593,NA,Spain Cup,2,0,3,0
46173,1.75,0.94,NA,Spain Cup,2,0,1,1
46178,1.685,0.734,NA,France Cup,2,0,0,1
46293,1.19,1.02,NA,France Cup,2,0,2,1
46303,1.919,0.5,NA,France Cup,2,0,2,1
46308,0.601,2.186,NA,France Cup,2,0,0,2
46318,2.068,0.601,NA,France Cup,2,0,1,2
46323,0.569,2.268,NA,France Cup,2,0,0,2
46328,0.671,1.597,NA,France Cup,2,0,0,3
46333,0.526,2.311,NA,France Cup,2,0,0,3
46338,0.516,2.271,NA,France Cup,2,0,0,4
46423,1.057,1.103,NA,Segunda Liga,3,0,0,0
46428,1.275,0.865,NA,Segunda Liga,3,0,1,0
46433,1.385,1.515,NA,Belgian 2,4,0,0,5
46438,1.389,1.191,NA,Belgian 2,4,0,2,1
46443,1.301,1.349,NA,Belgian 2,4,0,3,1
46448,1.556,1.074,NA,Belgian 2,4,0,1,2
46453,1.296,1.325,NA,Belgian 2,4,0,1,1
46458,1.237,1.053,NA,Segunda Liga,3,0,0,1
46463,0.942,1.807,0.267,La Liga,1,0,0,2
46468,1.323,1.197,0.303,La Liga,1,0,3,0
46473,1.215,1.115,NA,Segunda Liga,3,0,2,2
46478,1.615,1.145,NA,Belgian 2,4,0,3,0
46483,1.479,0.951,NA,Segunda Liga,3,0,1,0
46488,1.304,0.976,0.296,La Liga,1,0,1,0
46493,1.186,1.114,0.31,La Liga,1,0,2,0
46498,2.094,0.544,NA,La Liga,1,0,0,0
46503,1.063,1.296,0.298,La Liga,1,0,0,3
46508,1.332,0.938,0.294,La Liga,1,0,1,1
46513,1.441,1.009,0.309,La Liga,1,0,0,3
46518,2.249,0.78,NA,La Liga,1,0,2,0
46523,1.836,0.814,NA,La Liga,1,0,3,0
46538,1.583,1.227,NA,E Club Frien,5,0,2,0
46543,1.667,1.233,NA,E Club Frien,5,0,1,1
46548,1.216,1.204,0.31,Eng L1      ,3,0,0,2
46553,1.675,1.095,NA,Australia,4,0,3,0
46558,2.557,0.915,0.205,Dutch 2,3,0,6,2
46563,2.08,1.18,0.253,Dutch 2,3,0,2,2
46608,1.52,0.87,0.295,French 2,3,0,1,0
46613,1.173,0.977,0.332,French 2,3,0,1,3
46618,1.306,1.064,0.315,French 2,3,0,1,1
46623,1.273,0.817,0.32,French 2,3,0,0,0
46628,1.064,1.046,0.334,French 2,3,0,0,2
46633,1.274,0.947,0.33,French 2,3,0,0,0
46638,1.467,0.943,0.297,French 2,3,0,0,0
46643,0.886,1.763,0.265,Dutch 1,2,0,2,2
46648,1.741,0.657,0.244,French 2,3,0,2,1
46658,1.223,1.356,NA,Eng. Conf.,5,0,1,0
46743,1.749,1.551,NA,E Club Frien,5,0,0,1
46748,1.467,1.144,NA,Cyprus 1st D,5,0,0,1
46753,1.783,0.917,NA,Cyprus 1st D,5,0,1,1
46763,1.401,1.339,NA,Cyprus 1st D,5,0,2,0
46768,2.308,0.842,NA,E Club Frien,5,0,1,0
46773,1.41,0.95,0.284,Eng L1      ,3,0,2,2
46778,1.488,1.002,0.283,Eng L1      ,3,0,1,1
46783,1.196,1.185,0.3,Eng L1      ,3,0,3,1
46788,1.47,0.99,0.283,Eng L1      ,3,0,1,1
46793,1.77,0.88,0.252,Eng L1      ,3,0,4,0
46798,1.411,1.23,0.294,Eng L1      ,3,0,1,1
46803,1.006,1.483,0.276,Eng L1      ,3,0,1,3
46808,1.608,1.052,0.276,Eng L1      ,3,0,1,3
46813,1.554,1.056,0.28,Eng L1      ,3,0,1,0
46818,0.982,1.707,0.27,Eng L1      ,3,0,0,1
46823,1.411,1.099,0.286,Eng L1      ,3,0,1,0
46833,0.744,1.674,NA,Eng. Premier,1,0,1,1
46838,1.352,0.968,0.292,Eng. Premier,1,0,1,0
46843,1.139,1.281,0.3,Eng. Premier,1,0,0,1
46848,1.933,0.947,0.238,Eng. Premier,1,0,3,1
46853,2.408,0.541,NA,Eng. Premier,1,0,1,1
46863,1.229,1.112,0.294,Eng. Chship,2,0,0,3
46868,1.785,0.895,0.251,Eng. Chship,2,0,1,0
46873,1.365,1.095,0.282,Eng. Chship,2,0,2,1
46878,1.2,1.33,0.294,Eng. Chship,2,0,1,0
46883,1.416,1.094,0.289,Eng. Chship,2,0,2,0
46888,1.597,1.093,0.272,Eng. Chship,2,0,1,1
46893,1.583,1.067,0.289,Eng. Chship,2,0,4,1
46898,1.624,0.946,0.279,Eng. Chship,2,0,1,0
46903,1.402,1.058,0.283,Eng. Chship,2,0,1,0
47103,1.417,0.863,0.296,French 1,1,0,1,0
47108,2.122,0.497,0.204,French 1,1,0,3,2
47113,1.746,0.683,0.245,French 1,1,0,1,1
47118,1.145,1.135,0.325,French 1,1,0,0,2
47123,1.101,1.119,0.329,French 1,1,0,0,0
47128,1.559,0.831,0.28,French 1,1,0,4,1
47133,0.906,1.643,NA,Serie A,1.5,0,1,1
47268,1.183,1.137,0.304,Eng. Premier,1,0,2,0
47273,1.402,0.988,0.302,Eng. L2,4,0,3,1
47283,1.363,1.267,NA,Cyprus 1st D,5,0,1,1
47288,2.128,0.851,NA,Cyprus 1st D,5,0,3,0
47293,1.287,1.263,NA,Cyprus 1st D,5,0,0,2
47328,1.576,1.294,0.283,Dutch 1,2,0,2,0
47333,1.862,1.278,0.268,Dutch 1,2,0,6,1
47338,1.603,1.397,0.278,Dutch 1,2,0,2,2
47343,1.427,0.893,NA,Serie A,1.5,0,1,2
47348,0.76,1.857,NA,Serie A,1.5,0,2,3
47353,1.443,1.297,NA,Serie A,1.5,0,3,0
47358,1.135,1.365,NA,Serie A,1.5,0,1,2
47363,1.604,0.916,NA,Serie A,1.5,0,1,2
47368,1.184,1.296,0.313,Serie A,1.5,0,0,1
47373,1.038,1.752,NA,Serie A,1.5,0,1,2
47383,1.506,1.174,NA,Belgian 2,4,0,3,0
47393,1.103,1.257,0.305,Eng. Premier,1,0,1,2
47413,1.139,1.221,NA,Australia,4,0,0,0
47418,1.319,0.901,0.31,French 1,1,0,3,0
47423,1.147,0.863,NA,Greek,4,0,1,0
47433,2.105,0.634,NA,Serie A,1.5,0,5,2
47438,1.206,1.035,0.327,French 1,1,0,3,1
47443,1.165,1.345,NA,Australia,4,0,3,2
47448,1.162,1.058,NA,Portugal 2,4,0,0,0
47453,0.868,1.431,NA,Portugal Primeira Liga,2,0,1,1
47458,0.808,1.511,NA,Portugal Primeira Liga,2,0,2,0
47523,1.181,1.808,NA,Portugal Reserves League,5,0,3,1
47603,1.257,1.403,NA,Belgian Cup,4,0,1,0
47608,1.277,1.023,NA,Segunda Liga,3,0,1,0
47613,0.854,1.804,NA,Scot. FA Cup,5,0,0,1
47623,2.475,0.604,NA,Scot. FA Cup,5,0,3,0
47628,1.23,1.04,NA,Segunda Liga,3,0,0,0
47638,1.269,0.911,NA,Segunda Liga,3,0,1,2
47643,1.331,0.989,NA,Segunda Liga,3,0,1,0
47648,1.192,1.138,NA,Segunda Liga,3,0,3,2
47658,1.68,1.16,NA,E Club Frien,5,0,3,2
47663,3.581,0.481,NA,Scot. FA Cup,5,0,3,0
47668,1.109,1.111,NA,Segunda Liga,3,0,3,2
47673,1.616,1.194,NA,Scot. FA Cup,5,0,3,0
47723,1.239,1.311,0.298,Eng. L2,4,0,0,3
47743,2.457,0.914,NA,Dutch Cup,5,0,3,0
47753,2.217,0.632,0.176,Italy Cup,2.5,0,5,3
47763,0.827,1.761,0.276,France Cup,2,0,1,0
47783,1.06,1.459,NA,Turkey Cup,4,0,2,2
47788,1.178,1.272,NA,Turkey Cup,4,0,0,0
47803,2.032,1.268,NA,E Club Frien,5,0,6,2
47808,1.059,2.111,NA,Cyprus Cup,5,0,0,2
47813,2.906,0.525,NA,Cyprus Cup,5,0,3,0
47818,1.569,1.401,NA,E Club Frien,5,0,2,0
47823,1.419,0.811,0.282,France Cup,2,0,4,0
47828,2.368,0.622,NA,Italy Cup,2.5,0,2,0
47833,0.957,2.86,NA,E Club Frien,5,0,2,7
47858,1.06,1.05,0.319,France Cup,2,0,3,0
47903,1.355,1.235,0.291,Eng. L2,4,0,3,4
47908,0.693,2.577,NA,Scot Premier,3,0,1,2
47918,1.703,1.097,NA,Dutch Cup,5,0,1,0
47923,1.415,1.165,NA,Belgian 2,4,0,2,0
47928,2.38,0.619,NA,Italy Cup,2.5,0,4,0
47933,1.195,1.495,NA,Italy Cup,2.5,0,1,1
47938,2.394,0.665,NA,Italy Cup,2.5,0,4,0
47943,1.203,1.917,NA,Dutch Cup,5,0,4,2
47948,1.222,1.098,0.314,France Cup,2,0,1,0
47963,2.699,0.601,NA,Belgian Cup,4,0,2,0
47968,1.69,0.92,NA,Belgian 2,4,0,1,1
47973,1.123,1.867,NA,Dutch 1,2,0,1,2
47993,0.728,2.27,NA,Turkey Cup,4,0,0,4
47998,2.685,0.686,NA,Turkey Cup,4,0,5,0
48003,1.447,1.363,NA,Dubai Cup,5,0,0,1
48013,1.654,1.126,NA,Eng. Conf.,5,0,1,2
48018,1.832,1.158,NA,E Club Frien,5,0,3,1
48148,1.555,0.835,0.269,Spain Cup,2,0,1,1
48153,1.671,0.688,0.232,Spain Cup,2,0,3,0
48158,1.769,0.931,0.259,Spain Cup,2,0,0,0
48163,1.107,1.253,0.305,Spain Cup,2,0,1,2
48168,1.168,1.492,0.286,Spain Cup,2,0,2,1
48173,1.423,1.357,0.291,Spain Cup,2,0,1,1
48178,1.038,1.232,0.294,Spain Cup,2,0,1,0
48198,1.373,1.137,NA,Mexico T Int,4,0,1,0
48203,1.408,1.012,NA,Mexico T Int,4,0,2,0
48208,1.136,1.154,NA,Mexico T Int,4,0,2,1
48213,1.21,1.11,NA,Mexico T Int,4,0,2,0
48218,1.767,0.882,NA,Eng L1      ,3,0,0,2
48223,1.156,1.004,NA,French 2,3,0,3,4
48228,1.392,0.908,NA,French 2,3,0,3,0
48233,1.99,0.608,NA,French 2,3,0,1,1
48238,1.263,0.907,NA,French 2,3,0,1,1
48243,1.409,0.931,NA,French 2,3,0,1,1
48248,1.554,0.796,NA,French 2,3,0,4,0
48253,1.356,0.884,NA,French 2,3,0,2,2
48258,1.678,1.142,NA,Australia,4,0,2,1
48263,1.529,1.671,NA,Dutch 2,3,0,1,2
48268,2.063,0.857,NA,Dutch 2,3,0,1,0
48273,1.627,1.493,NA,Dutch 2,3,0,4,1
48278,1.448,1.422,NA,Dutch 2,3,0,1,1
48283,1.42,1.32,NA,Dutch 2,3,0,2,2
48293,1.547,1.274,NA,Dutch 2,3,0,2,2
48298,1.63,1.14,NA,Dutch 2,3,0,2,3
48303,1.388,1.622,NA,Dutch 2,3,0,1,1
48308,1.225,2.005,NA,E Club Frien,5,0,1,2
48313,0.861,2.308,NA,Dutch 1,2,0,2,1
48318,1.115,0.995,NA,French 2,3,0,0,1
48323,0.914,1.525,NA,Belgian,3,0,0,1
48423,1.436,1.274,NA,Scot Premier,3,0,1,0
48428,1.158,1.152,0.312,Eng. Chship,2,0,2,0
48438,0.68,2.147,NA,Cyprus 1st D,5,0,0,1
48448,1.363,1.338,NA,Cyprus 1st D,5,0,2,0
48453,2.318,0.902,NA,E Club Frien,5,0,3,0
48458,1.327,1.973,NA,E Club Frien,5,0,0,2
48463,0.938,2.322,NA,E Club Frien,5,0,0,0
48543,1.785,1.065,0.238,Eng. Chship,2,0,3,3
48553,1.185,1.165,0.3,Eng L1      ,3,0,0,0
48558,1.183,1.347,0.279,Eng L1      ,3,0,2,1
48563,2.075,0.825,0.211,Eng L1      ,3,0,2,0
48573,1.539,0.961,0.264,Eng L1      ,3,0,2,1
48578,1.52,1.04,0.282,Eng L1      ,3,0,0,1
48583,1.527,1.053,0.282,Eng L1      ,3,0,0,1
48588,1.916,0.793,0.226,Eng L1      ,3,0,1,0
48603,1.245,1.325,0.292,Eng L1      ,3,0,1,4
48608,1.248,1.761,NA,E Club Frien,5,0,1,1
48613,1.295,1.255,0.291,Eng. Chship,2,0,3,1
48618,1.17,1.15,0.303,Eng. Chship,2,0,0,2
48623,1.742,0.968,0.255,Eng. Chship,2,0,2,0
48628,1.344,1.216,0.294,Eng. Chship,2,0,1,1
48633,1.318,1.082,0.299,Eng. Chship,2,0,0,0
48638,1.53,1,0.28,Eng. Chship,2,0,2,0
48643,1.395,1.085,0.287,Eng. Chship,2,0,1,2
48653,1.429,1.191,0.292,Eng. Chship,2,0,1,1
48658,0.646,1.691,0.248,Eng. Premier,1,0,0,1
48668,0.812,2.236,0.197,Eng. Premier,1,0,0,2
48678,0.752,1.985,0.215,Eng. Premier,1,0,0,3
48683,1.533,0.957,0.285,Eng. Premier,1,0,1,1
48698,1.024,1.336,0.338,Serie B,2.5,0,1,3
48703,1.294,1.086,0.326,Serie B,2.5,0,1,1
48708,1.113,1.038,0.337,Serie B,2.5,0,0,0
48713,1.524,0.966,0.318,Serie B,2.5,0,1,1
48723,1.596,0.804,0.27,Serie B,2.5,0,1,0
48733,1.624,0.866,0.294,Serie B,2.5,0,1,1
48738,1.862,0.737,0.239,Serie B,2.5,0,3,0
48743,1.097,1.402,0.331,Serie B,2.5,0,2,3
48748,1.616,0.904,0.299,Serie B,2.5,0,2,0
48753,0.895,2.375,NA,E Club Frien,5,0,1,1
48758,1.026,1.014,0.336,French 1,1,0,1,0
48763,1.665,0.955,0.275,Eng. Premier,1,0,0,0
48768,1.495,1.245,0.287,Eng. Chship,2,0,1,1
48778,1.967,0.943,NA,Australia,4,0,2,0
48783,1.582,1.108,0.289,Dutch 1,2,0,1,0
48788,1.645,1.435,0.271,Dutch 1,2,0,4,0
48798,2.115,0.965,0.218,Dutch 1,2,0,2,0
48803,1.592,1.368,0.268,Dutch 1,2,0,3,1
48808,1.339,0.881,0.315,French 1,1,0,1,1
48813,1.261,0.909,0.313,French 1,1,0,1,1
48818,1.281,0.889,0.317,French 1,1,0,2,0
48823,0.951,1.208,0.314,French 1,1,0,1,4
48828,1.566,0.744,0.281,French 1,1,0,3,1
48833,2.113,0.787,NA,Belgian,3,0,1,0
48838,1.968,0.971,NA,Belgian,3,0,1,0
48843,1.715,0.855,NA,Belgian,3,0,7,2
48848,1.231,1.209,NA,Belgian,3,0,1,1
48853,1.398,1.282,NA,Belgian,3,0,1,2
48858,2.404,0.706,NA,Belgian,3,0,3,1
48863,1.009,1.181,0.334,French 1,1,0,1,2
48868,1.38,0.86,0.304,French 1,1,0,1,1
48873,1.303,1.387,NA,Belgian 2,4,0,1,1
48878,1.382,1.348,NA,Belgian 2,4,0,1,0
48883,1.768,1.222,NA,Belgian 2,4,0,0,1
48988,1.714,0.946,NA,Serie A,1.5,0,2,3
48993,1.383,1.107,NA,Serie A,1.5,0,2,2
48998,1.3,1.07,NA,Serie A,1.5,0,1,0
49003,1.904,0.826,NA,Serie A,1.5,0,0,0
49008,2.216,0.743,NA,Belgian 2,4,0,5,1
49013,1.284,1.366,NA,Belgian 2,4,0,0,2
49018,1.32,1.35,NA,Belgian 2,4,0,1,2
49023,2.173,0.817,NA,Belgian 2,4,0,5,0
49028,1.417,1.893,NA,E Club Frien,5,0,0,0
49033,1.36,0.88,0.29,Eng. Premier,1,0,1,1
49043,1.585,0.523,0.255,Greek,4,0,2,0
49048,0.998,1.192,0.325,Greek,4,0,1,1
49078,1.526,1.135,NA,Australia,4,0,2,2
49088,1.048,0.892,0.337,French 1,1,0,1,0
49093,1.039,1.45,NA,Australia,4,0,2,0
49098,2.411,0.599,NA,Serie A,1.5,0,3,2
49103,1.629,1.271,NA,Belgian,3,0,5,1
49108,0.926,1.463,0.304,French 1,1,0,3,0
49128,1.171,1.089,NA,Portugal Primeira Liga,2,0,3,1
49133,2.166,0.533,NA,Portugal Primeira Liga,2,0,0,0
49138,1.763,0.656,NA,Portugal Primeira Liga,2,0,4,0
49188,1.079,1.052,NA,Portugal 2,4,0,0,3
49193,1.41,0.92,NA,Portugal 2,4,0,0,1
49198,1.639,0.841,NA,Portugal 2,4,0,1,0
49203,1.135,1.085,NA,Portugal 2,4,0,2,0
49208,1.223,0.927,NA,Portugal 2,4,0,2,1
49213,1.282,1.048,NA,Portugal 2,4,0,2,2
49218,1.625,0.774,NA,Portugal 2,4,0,2,2
49223,1.553,0.706,NA,Portugal 2,4,0,0,0
49228,1.176,0.994,NA,Portugal Primeira Liga,2,0,0,1
49233,1.386,0.904,NA,Portugal Primeira Liga,2,0,3,1
49238,0.745,1.523,NA,Portugal Primeira Liga,2,0,1,1
49243,1.47,0.72,NA,Portugal Primeira Liga,2,0,2,1
49248,1.231,1.089,0.309,Portugal Primeira Liga,2,0,0,1
49293,1.442,0.928,0.303,Segunda Liga,3,0,1,1
49298,1.651,0.839,0.277,Segunda Liga,3,0,0,0
49303,1.347,0.943,0.295,Segunda Liga,3,0,1,0
49308,1.332,0.938,0.312,Segunda Liga,3,0,0,3
49448,1.315,1.735,NA,E Club Frien,5,0,0,2
49453,0.922,1.627,NA,Eng. FA Cup,2,0,2,1
49483,1.244,1.096,NA,Eng. FA Cup,2,0,2,1
49488,1.241,1.728,NA,Eng. FA Cup,2,0,0,1
49493,3.307,0.475,NA,Eng. FA Cup,2,0,5,0
49498,1.803,0.836,NA,Eng. FA Cup,2,0,4,1
49503,1.35,0.97,NA,Eng. FA Cup,2,0,1,0
49508,1.369,1.231,NA,Eng. FA Cup,2,0,1,0
49553,1.002,1.517,NA,Mexico T Int,4,0,1,0
49558,0.998,1.491,NA,Mexico T Int,4,0,0,1
49563,1.689,0.861,NA,Mexico T Int,4,0,3,1
49578,1.038,1.033,NA,France 3,5,0,0,1
49583,1.231,1.099,NA,France 3,5,0,2,1
49588,1.122,1.148,NA,France 3,5,0,1,3
49593,1.154,0.886,NA,France 3,5,0,2,1
49598,1.741,0.658,NA,France 3,5,0,0,0
49603,1.127,1.373,NA,France 3,5,0,0,3
49653,1.391,1.249,0.277,Eng. L2,4,0,4,0
49658,1.902,0.757,NA,Eng. Premier,1,0,2,2
49663,1.092,1.178,0.345,French 2,3,0,2,1
49668,1.672,1.358,NA,E Club Frien,5,0,1,0
49688,1.971,1.239,NA,E Club Frien,5,0,1,0
49703,1.023,1.166,0.33,French 2,3,0,2,3
49728,1.573,0.867,NA,French 2,3,0,1,0
49748,1.524,1.456,NA,Scot. FA Cup,5,0,2,2
49758,0.624,2.343,NA,Greece Cup,5,0,0,3
49763,1.684,1.147,NA,E Club Frien,5,0,2,1
49768,1.473,1.407,NA,E Club Frien,5,0,0,2
50083,1.406,1.854,NA,E Club Frien,5,0,1,1
50088,0.894,2.447,NA,E Club Frien,5,0,0,2
50113,1.212,1.248,0.302,Eng L1      ,3,0,0,0
50123,2.183,0.646,0.183,Eng L1      ,3,0,2,1
50128,1.427,1.153,0.28,Eng L1      ,3,0,4,3
50143,1.265,1.235,0.3,Eng. L2,4,0,2,2
50148,1.408,1.232,NA,Eng. League Cup,3,0,5,1
50153,1.82,1.13,0.253,Dutch 1,2,0,2,0
50158,1.331,1.389,0.291,Dutch 1,2,0,4,0
50163,1.97,1.03,0.234,Dutch 1,2,0,1,2
50168,1.15,1.44,0.295,Belgian,3,0,0,0
50173,1.334,1.226,0.294,Belgian,3,0,1,1
50198,1.364,1.186,NA,Intl Friendl,3,0,0,1
50203,1.001,1.398,NA,Turkey SL,3,0,1,2
50208,0.946,1.473,NA,Turkey SL,3,0,2,5
50213,2.237,0.642,NA,Turkey SL,3,0,2,2
50223,1.45,1,NA,Turkey SL,3,0,2,0
50233,1.369,0.931,NA,Serie C1 B,5,0,1,1
50303,1.004,1.696,NA,Cyprus Cup,5,0,1,1
50308,0.805,1.793,NA,Cyprus Cup,5,0,2,1
50328,2.046,1.234,NA,E Club Frien,5,0,3,1
50333,2.287,1.133,NA,E Club Frien,5,0,1,2
50338,1.065,2.154,NA,E Club Frien,5,0,1,4
50353,1.295,1.015,0.313,French 1,1,0,1,2
50363,2.433,1.057,NA,E Club Frien,5,0,2,0
50398,2.174,1.186,0.217,Dutch 1,2,0,2,0
50403,1.111,1.318,0.283,Eng L1      ,3,0,2,2
50413,1.076,1.194,NA,Eng. League Cup,3,0,0,1
50418,1.565,1.475,NA,Dutch 2,3,0,1,1
50423,1.873,0.987,0.235,Dutch 1,2,0,5,1
50428,1.197,1.772,0.272,Dutch 1,2,0,2,1
50433,2.921,0.691,0.124,Dutch 1,2,0,3,1
50438,2.433,0.908,0.185,Dutch 1,2,0,5,1
50443,2.181,0.768,NA,Belgian 2,4,0,1,0
50448,1.66,0.84,NA,Belgian 2,4,0,0,0
50453,1.348,0.922,0.308,French 1,1,0,2,0
50458,1.269,0.821,0.312,French 1,1,0,1,1
50463,1.922,0.647,0.222,French 1,1,0,3,0
50468,1.45,0.89,0.293,French 1,1,0,1,0
50473,1.996,0.673,0.218,French 1,1,0,2,0
50478,1.446,0.874,0.302,French 1,1,0,3,1
50483,1.455,0.935,0.305,French 1,1,0,0,0
50673,2.005,1.035,NA,Peregrino Cu,5,0,1,1
50678,2.024,1.196,NA,Peregrino Cu,5,0,2,0
50683,2.215,1.375,NA,Club Friendly W,5,0,1,2
50688,2.091,1.019,NA,Club Friendly W,5,0,4,0
50703,1.412,1.788,NA,Club Friendly W,5,0,1,2
50708,1.447,1.383,NA,Peregrino Cu,5,0,2,2
50748,1.94,1.21,NA,E Club Frien,5,0,0,1
50753,1.472,1.388,NA,E Club Frien,5,0,1,1
50763,1.704,1.286,NA,E Club Frien,5,0,3,1
50773,1.502,1.178,0.283,Eng. FA Cup,2,0,0,1
50778,1.409,1.131,0.283,Eng L1      ,3,0,2,0
50783,1.453,1.277,0.285,Eng L1      ,3,0,0,4
50788,1.126,1.274,0.299,Eng L1      ,3,0,1,0
50793,2.272,1.228,NA,E Club Frien,5,0,1,0
50798,1.321,0.869,0.312,French 2,3,0,2,1
50803,1.364,0.926,0.312,French 2,3,0,0,1
50808,1.367,0.913,0.314,French 2,3,0,0,1
50813,1.28,1.09,0.312,French 2,3,0,1,0
50818,1.064,1.306,0.311,French 2,3,0,0,1
50823,1.527,0.813,0.287,French 2,3,0,2,2
50828,0.985,1.235,0.312,French 2,3,0,1,1
50833,1.164,1.086,0.324,French 2,3,0,1,1
50838,1.185,1.025,0.317,French 2,3,0,0,2
50843,1.323,0.947,0.315,French 2,3,0,1,1
50848,2.15,1.04,NA,Dutch 2,3,0,1,1
50853,1.29,1.469,NA,Dutch 2,3,0,2,2
50858,1.544,1.416,NA,Dutch 2,3,0,3,2
50863,2.056,1.024,NA,Dutch 2,3,0,4,1
50868,1.716,1.234,NA,Dutch 2,3,0,2,2
50873,1.55,1.26,NA,Dutch 2,3,0,1,2
50878,1.667,1.373,NA,Dutch 2,3,0,3,3
50883,1.337,1.533,NA,Dutch 2,3,0,0,4
50888,1.346,1.574,0.288,Dutch 1,2,0,3,0
50893,1.294,1.696,NA,Belgian,3,0,0,3
50908,0.742,1.506,0.282,Greek,4,0,0,1
50913,1.97,0.479,0.222,Greek,4,0,2,2
50948,1.066,1.105,0.319,Greek,4,0,1,0
50953,2.295,0.454,0.157,Greek,4,0,1,0
50958,0.912,1.128,0.32,Greek,4,0,1,0
50963,1.129,0.981,NA,France 3,5,0,0,0
50968,1.316,0.834,NA,Serie C1 B,5,0,1,1
50973,1.884,0.885,0.238,SpainCopaRey,2,0,0,0
50978,1.454,0.896,NA,Greece B Eth,4,0,0,0
50983,1.751,1.129,NA,E Club Frien,5,0,1,2
50988,2.197,0.833,NA,Turkey Cup,4,0,1,0
50993,1.159,1.431,NA,Turkey Cup,4,0,1,1
50998,1.083,1.347,0.287,SpainCopaRey,2,0,0,1
51003,1.318,1.202,0.297,SpainCopaRey,2,0,4,2
51018,1.168,1.252,0.291,SpainCopaRey,2,0,1,1
51023,2.072,0.868,0.19,SpainCopaRey,2,0,0,1
51028,1.734,0.875,0.249,SpainCopaRey,2,0,2,1
51033,1.653,1.307,NA,E Club Frien,5,0,2,4
51048,1.722,1.518,NA,E Club Frien,5,0,3,3
51153,0.671,2.005,0.202,Eng. FA Cup,2,0,0,2
51173,1.462,1.188,NA,Cyprus 1st D,5,0,1,2
51178,2.414,0.806,NA,Cyprus 1st D,5,0,0,0
51183,1.479,1.751,NA,E Club Frien,5,0,3,1
51188,2.079,1.161,NA,E Club Frien,5,0,1,3
51193,1.289,1.701,NA,E Club Frien,5,0,0,2
51198,2.393,0.526,NA,Scot Premier,3,0,4,0
51208,1.248,1.412,NA,Scot Premier,3,0,1,2
51223,1.618,0.912,0.267,Eng. Chship,2,0,2,0
51228,1.524,1.076,0.285,Eng. Chship,2,0,1,0
51233,2.243,1.047,NA,E Club Frien,5,0,3,0
51238,1.607,1.043,0.282,Eng. FA Cup,2,0,2,1
51243,2.119,0.71,0.195,Eng. FA Cup,2,0,3,0
51253,1.166,1.873,0.262,Eng. FA Cup,2,0,0,3
51258,1.381,1.019,0.296,Eng. FA Cup,2,0,1,4
51263,1.978,0.751,0.212,Eng. FA Cup,2,0,2,1
51268,2.238,0.651,0.204,Eng. FA Cup,2,0,2,0
51273,1.412,0.958,0.29,Eng. FA Cup,2,0,0,1
51278,1.6,0.86,0.264,Eng L1      ,3,0,2,1
51283,1.313,1.037,0.267,Eng L1      ,3,0,2,1
51288,1.604,1.066,0.271,Eng L1      ,3,0,1,3
51298,1.086,1.474,0.291,Eng L1      ,3,0,1,1
51318,2.108,1.112,NA,E Club Frien,5,0,3,3
51328,1.418,1.572,NA,E Club Frien,5,0,0,1
51333,2.499,0.762,NA,E Club Frien,5,0,1,1
51338,1.07,1.22,0.325,Serie B,2.5,0,1,1
51343,0.98,1.35,0.341,Serie B,2.5,0,0,2
51348,0.943,1.067,0.334,Serie B,2.5,0,1,2
51443,1.58,0.789,0.279,French 1,1,0,6,1
51448,1.484,0.836,0.299,French 1,1,0,2,2
51453,1.06,1.16,0.327,French 1,1,0,1,0
51458,1.132,0.978,0.318,French 1,1,0,0,0
51463,1.515,1.045,NA,Belgian 2,4,0,0,2
51468,1.411,1.33,NA,Belgian 2,4,0,1,2
51473,1.381,1.249,NA,Belgian 2,4,0,1,2
51478,1.29,1.45,NA,Belgian 2,4,0,3,1
51483,1.328,1.432,NA,Belgian 2,4,0,2,2
51488,1.443,1.037,NA,Belgian 2,4,0,1,2
51493,1.595,1.115,NA,Belgian,3,0,2,1
51498,1.407,1.174,NA,Belgian,3,0,1,1
51503,1.69,0.88,NA,Belgian,3,0,3,0
51508,1.629,0.951,NA,Belgian,3,0,0,0
51513,1.519,1.311,NA,Belgian,3,0,3,3
51518,1.536,1.104,NA,Belgian,3,0,2,0
51523,2.245,0.805,NA,Serie A,1.5,0,1,0
51533,1.172,1.418,NA,Eng. Conf. N,5,0,2,3
51538,1.317,1.113,NA,Greece B Eth,4,0,3,2
51558,2.017,0.973,0.234,Eng. L2,4,0,8,2
51563,1.241,1.139,NA,Scot. FA Cup,5,0,2,1
51578,1.979,0.991,NA,Scot. FA Cup,5,0,3,1
51593,1.677,0.993,0.256,Dutch 1,2,0,0,5
51598,1.273,1.907,0.247,Dutch 1,2,0,2,2
51608,1.763,0.817,NA,Cyprus 1st D,5,0,2,1
51613,0.893,2.086,NA,Scot Premier,3,0,0,1
51618,1.156,1.844,NA,E Club Frien,5,0,1,3
51643,2.128,0.862,0.201,Eng. FA Cup,2,0,3,1
51648,2.534,0.736,0.162,Dutch 1,2,0,1,2
51653,1.933,1.277,0.264,Dutch 1,2,0,1,1
51663,2.025,1.015,NA,Dutch 2,3,0,2,0
51668,2.023,1.487,NA,E Club Frien,5,0,1,1
51673,1.802,0.968,NA,Belgian 2,4,0,0,1
51678,1.3,1.44,NA,Belgian 2,4,0,1,2
51683,2.016,0.883,NA,Belgian 2,4,0,1,0
51688,1.045,1.604,NA,Serie A,1.5,0,0,0
51693,1.202,1.229,NA,Serie A,1.5,0,0,0
51698,1.781,0.748,0.239,Greek,4,0,2,1
51703,1.082,0.928,0.312,Greek,4,0,0,0
51708,2.29,0.67,NA,Serie A,1.5,0,2,0
51873,1.613,1.047,0.287,Eng. Premier,1,0,1,1
51903,1.579,1.081,0.274,Mexican,3,0,0,1
51908,1.386,1.245,0.286,Mexican,3,0,1,1
51918,1.571,0.989,0.27,Mexican,3,0,1,1
51928,1.332,1.118,0.289,Mexican,3,0,3,0
51933,1.684,0.966,0.264,Mexican,3,0,2,2
51943,1.788,1.042,0.257,Mexican,3,0,0,0
51958,1.319,1.331,NA,EngFA Trophy,5,0,2,0
51968,1.317,0.873,0.303,Segunda Liga,3,0,2,1
51973,1.442,0.798,0.288,Segunda Liga,3,0,1,0
51978,1.021,1.109,0.318,Segunda Liga,3,0,1,2
51983,1.443,0.787,0.285,Segunda Liga,3,0,2,4
51988,1.433,0.807,0.288,Segunda Liga,3,0,1,2
51993,1.315,0.985,0.299,Segunda Liga,3,0,1,1
51998,1.196,1.124,0.318,Segunda Liga,3,0,1,3
52038,2.072,0.888,NA,Scot. FA Cup,5,0,2,0
52043,1.404,0.916,NA,Serie C1 B,5,0,2,2
52048,1.681,0.838,NA,Turkey SL,3,0,1,2
52053,2.361,0.518,NA,Turkey SL,3,0,4,2
52058,0.966,1.623,NA,Turkey SL,3,0,0,5
52063,2.268,0.681,NA,Turkey SL,3,0,1,0
52068,2.784,0.687,NA,Turkey Cup,4,0,3,0
52073,2.931,0.469,NA,Turkey Cup,4,0,3,2
52088,1.548,1.392,NA,Paulista,5,0,1,1
52093,1.972,1.188,NA,Paulista,5,0,4,2
52098,1.547,1.373,NA,Paulista,5,0,2,0
52103,1.177,1.903,NA,Paulista,5,0,2,0
52108,1.244,1.505,NA,Paulista,5,0,2,2
52113,2.627,0.935,NA,Paulista,5,0,3,1
52118,1.147,1.843,NA,Paulista,5,0,1,2
52123,1.895,1.125,NA,Paulista,5,0,0,2
52128,2.693,0.869,NA,Carioca,5,0,2,0
52133,2.436,0.965,NA,Carioca,5,0,2,0
52138,1.876,1.024,NA,Carioca,5,0,0,0
52143,2.712,0.86,NA,Carioca,5,0,2,0
52148,2.018,1.102,NA,Carioca,5,0,1,2
52153,1.817,1.173,NA,Carioca,5,0,2,5
52158,1.226,0.995,NA,France 3,5,0,3,0
52168,1.163,1.157,NA,France 3,5,0,0,0
52173,1.88,0.809,NA,France 3,5,0,2,0
52183,0.975,1.045,NA,France 3,5,0,0,2
52188,1.831,0.527,NA,France 3,5,0,5,0
52193,1.12,0.96,NA,France 3,5,0,2,1
52208,1.423,1.237,NA,EngFA Trophy,5,0,1,4
52243,2.464,1.047,NA,E Club Frien,5,0,0,1
52248,0.573,2.817,0.129,Germany Cup,5,0,2,5
52253,1.542,1.148,0.293,Germany Cup,5,0,2,3
52258,1.554,1.256,0.289,Germany Cup,5,0,2,1
52363,1.176,1.165,0.309,Eng L1      ,3,0,2,2
52368,1.544,0.956,0.266,Eng L1      ,3,0,0,0
52373,1.6,0.86,0.262,Eng L1      ,3,0,2,0
52383,1.431,1.229,0.284,Eng L1      ,3,0,0,0
52388,1.366,1.164,0.292,Eng L1      ,3,0,1,0
52393,1.446,1.134,0.293,Eng L1      ,3,0,0,1
52398,1.666,1.204,0.284,Eng L1      ,3,0,1,0
52403,1.694,0.926,0.26,Eng L1      ,3,0,2,0
52413,1.174,1.146,0.303,Eng L1      ,3,0,0,1
52418,1.244,1.306,0.3,Eng L1      ,3,0,1,0
52423,1.435,1.005,0.29,Eng. Premier,1,0,1,0
52428,0.898,1.521,0.288,Eng. Premier,1,0,1,1
52433,1.438,0.882,0.288,Eng. Premier,1,0,0,0
52438,2.256,0.643,0.181,Eng. Premier,1,0,3,0
52443,1.326,0.994,0.295,Eng. Premier,1,0,2,0
52448,1.514,1.537,0.277,Germany Cup,5,0,2,1
52513,1.523,1.237,NA,Carioca,5,0,1,0
52518,2.242,0.928,NA,Carioca,5,0,4,1
52523,2.464,0.866,NA,Carioca,5,0,3,2
52528,2.021,0.969,NA,Carioca,5,0,1,0
52533,1.757,1.213,NA,Carioca,5,0,3,4
52538,2.606,0.614,NA,Carioca,5,0,4,1
52543,1.4,1.47,NA,Carioca,5,0,2,4
52548,2.486,0.744,NA,Carioca,5,0,2,2
52553,1.342,1.528,NA,Paulista,5,0,1,0
52558,1.57,1.48,NA,Paulista,5,0,1,2
52563,2.756,0.584,NA,Paulista,5,0,1,0
52568,1.446,1.354,NA,Paulista,5,0,0,0
52573,1.82,1.08,NA,Paulista,5,0,4,0
52578,1.732,1.148,NA,Paulista,5,0,0,1
52583,1.201,1.618,NA,Paulista,5,0,3,1
52588,1.402,1.358,NA,Paulista,5,0,1,0
52593,1.95,1.02,NA,Paulista,5,0,3,1
52598,1.305,1.745,NA,Paulista,5,0,0,1
52603,2.202,0.968,NA,Paulista,5,0,3,2
52608,2.418,0.842,NA,Carioca,5,0,3,0
52613,2.337,0.793,NA,Carioca,5,0,3,0
52618,2.385,1.036,NA,Carioca,5,0,5,1
52623,1.701,1.119,NA,Paulista,5,0,2,0
52628,0.913,2.025,NA,Paulista,5,0,1,1
52758,2.247,0.602,0.174,Portugal Cup,4,0,3,0
52763,1.661,0.668,NA,Africa N Cup,3,0,2,1
52778,1.815,0.744,NA,Africa N Cup,3,0,1,0
52798,1.063,1.227,NA,Africa N Cup,3,0,1,1
52808,3.538,0.434,NA,Africa N Cup,3,0,1,0
52813,2.587,0.573,NA,Africa N Cup,3,0,4,1
52818,1.464,0.916,NA,Africa N Cup,3,0,0,0
52823,1.961,0.878,NA,Africa N Cup,3,0,5,1
52828,2.721,0.57,NA,Africa N Cup,3,0,3,0
52833,1.768,0.922,NA,Africa N Cup,3,0,1,3
52838,1.316,1.004,NA,Africa N Cup,3,0,3,1
52848,2.807,0.734,NA,Africa N Cup,3,0,1,1
52858,2.424,0.626,NA,Africa N Cup,3,0,2,0
52868,1.5,1.34,NA,Paulista,5,0,2,1
52873,1.782,1.248,NA,Paulista,5,0,2,0
52878,1.723,1.207,NA,Paulista,5,0,2,0
52903,1.661,0.658,NA,Portugal Cup,3,0,0,1
52908,2.295,0.524,NA,Portugal Cup,3,0,1,0
52913,1.589,0.851,NA,Portugal Cup,3,0,1,0
52918,2.489,0.521,NA,Portugal Cup,3,0,2,0
52923,0.994,1.526,NA,Portugal Cup,3,0,0,1
52933,1.084,1.057,NA,Portugal Cup,3,0,4,1
52938,1.035,1.245,NA,Portugal Cup,3,0,1,0
52943,1.496,0.824,NA,Portugal Cup,3,0,1,0
52953,2.279,0.69,NA,Portugal Cup,3,0,3,0
52958,2.387,0.503,NA,Portugal Cup,3,0,1,0
52963,2.269,0.48,NA,Portugal Cup,3,0,4,0
53283,1.997,0.963,0.231,Bundesliga 2,2,0,1,1
53288,1.286,1.454,0.281,Bundesliga 2,2,0,0,2
53293,1.839,0.8,0.232,Bundesliga 2,2,0,1,1
53298,1.094,1.976,NA,E Club Frien,5,0,1,2
53308,1.493,0.847,0.29,France Cup,2,0,0,3
53313,0.758,2.16,NA,Bundesliga,1,0,1,2
53398,2.593,0.999,NA,E Club Frien,5,0,3,1
53438,1.259,1.331,0.299,Eng. Conf.,5,0,2,2
53443,1.289,2.051,NA,Club Friendly W,5,0,2,2
53468,1.937,0.963,NA,Eng. Conf. N,5,0,2,4
53473,2.343,0.746,0.178,Eng. Conf.,5,0,5,0
53478,1.647,1.153,NA,Eng. Conf. N,5,0,0,1
53508,1.507,1.293,NA,Eng. Conf. N,5,0,1,2
53538,1.08,1.86,NA,Eng. Conf. N,5,0,3,1
53548,1.471,1.179,NA,Eng. Conf.,5,0,0,1
53553,1.47,1,NA,Intl Friendl,3,0,2,0
53563,2.287,1.133,NA,E Club Frien,5,0,3,0
53578,1.347,1.493,0.285,Bundesliga,1,0,0,1
53583,1.567,1.193,0.28,Bundesliga,1,0,0,3
53588,1.19,1.56,0.277,Bundesliga,1,0,3,3
53593,1.321,1.289,0.291,Bundesliga,1,0,2,0
53693,1.378,1.282,NA,E Club Frien,5,0,1,0
53698,1.122,0.988,NA,Serie C1 B,5,0,1,2
53708,1.354,0.946,NA,Italy Serie C1 A,5,0,1,1
53718,1.643,1.527,NA,E Club Frien,5,0,1,1
53723,2.185,0.804,0.211,Bundesliga 2,2,0,1,1
53728,1.3,1.15,0.289,Bundesliga 2,2,0,2,1
53733,1.858,0.962,0.245,Bundesliga 2,2,0,2,0
53738,1.54,1.12,0.292,Bundesliga 2,2,0,0,3
53743,1.152,1.358,0.284,Bundesliga 2,2,0,1,1
53748,0.442,2.455,NA,France Cup,2,0,0,1
53758,1.537,1.523,0.285,Swiss,3,0,2,0
53763,1.786,1.034,0.267,Swiss,3,0,0,1
53768,1.561,1.189,0.29,Swiss,3,0,3,1
53773,2.453,0.868,0.18,Bundesliga,1,0,1,2
53778,1.71,1.02,0.272,Bundesliga,1,0,4,1
53783,1.43,0.87,NA,France Cup,2,0,3,1
53808,1.47,1.26,NA,Scot. FA Cup,5,0,1,0
53818,1.92,0.98,0.242,Eng. Chship,2,0,2,1
53828,1.648,0.852,0.26,Eng L1      ,3,0,2,1
53838,1.286,1.274,0.291,Eng. Chship,2,0,1,2
53843,1.081,1.448,0.288,Eng. Chship,2,0,1,0
53848,1.392,1.068,0.299,Eng. Chship,2,0,3,0
53858,1.444,0.966,0.29,Eng. Chship,2,0,1,0
53863,1.501,0.989,0.278,Eng. Chship,2,0,1,1
53868,1.521,1.049,0.277,Eng. Chship,2,0,4,0
53873,1.202,1.288,0.301,Eng. Chship,2,0,2,2
53878,1.305,1.015,0.296,Eng. Chship,2,0,2,1
53883,1.387,1.063,0.289,Eng. Chship,2,0,3,0
53968,1.379,0.791,NA,Serie C1 B,5,0,1,1
53973,1.483,0.977,0.292,SpainCopaRey,2,0,1,0
53978,0.896,1.862,NA,Serie A,1.5,0,2,1
53983,1.34,1.1,0.302,SpainCopaRey,2,0,1,0
53988,1.345,0.865,NA,SpainCopaRey,2,0,2,0
53993,1.225,1.305,NA,SpainCopaRey,2,0,0,0
53998,0.933,2.226,NA,Club Friendl,5,0,3,2
54033,1.047,1.193,NA,Portugal Primeira Liga,2,0,1,3
54038,1.24,0.89,NA,Portugal 2,4,0,1,1
54043,1.597,0.893,NA,Portugal 2,4,0,0,0
54048,1.246,0.984,NA,Portugal 2,4,0,2,2
54053,1.261,1.009,NA,Portugal 2,4,0,1,1
54058,1.222,1.048,NA,Portugal 2,4,0,3,1
54063,1.279,1.011,NA,Portugal 2,4,0,1,2
54068,1.061,1.259,NA,Portugal 2,4,0,2,1
54073,1.24,0.9,0.305,Portugal Primeira Liga,2,0,1,1
54078,1.217,0.933,0.31,Portugal Primeira Liga,2,0,1,0
54083,1.18,1.02,0.31,Portugal Primeira Liga,2,0,3,1
54088,1.355,0.885,0.297,Portugal Primeira Liga,2,0,0,0
54093,1.08,1.03,0.316,Portugal Primeira Liga,2,0,2,0
54098,1.317,0.933,NA,Portugal Primeira Liga,2,0,2,0
54103,1.366,0.994,NA,Italy Cup,2.5,0,3,2
54108,1.332,1.398,NA,Italy Cup,2.5,0,1,1
54113,1.673,0.977,NA,Italy Cup,2.5,0,2,2
54118,1.273,1.167,NA,Italy Cup,2.5,0,2,1
54148,1.007,1.262,0.364,Turkey Cup,4,0,3,0
54153,1.104,1.355,NA,Turkey Cup,4,0,2,1
54158,1.644,1.016,NA,Turkey Cup,4,0,3,2
54163,1.616,0.703,NA,Portugal Cup,4,0,3,0
54168,2.24,0.499,NA,Portugal Cup,4,0,3,1
54268,1.338,1.022,NA,Australia,4,0,0,0
54273,1.109,1.181,0.31,Segunda Liga,3,0,0,0
54313,1.16,1.14,0.305,La Liga,1,0,1,3
54318,1.505,0.935,NA,La Liga,1,0,1,2
54323,1.235,1.205,0.316,La Liga,1,0,3,1
54328,1.611,0.839,NA,La Liga,1,0,0,1
54333,1.328,1.123,0.309,La Liga,1,0,1,0
54338,1.577,0.762,0.264,La Liga,1,0,2,3
54343,1.367,1.173,0.307,La Liga,1,0,2,2
54348,1.248,1.112,0.334,Segunda Liga,3,0,4,3
54353,1.321,0.849,0.314,Segunda Liga,3,0,1,3
54358,1.036,0.974,0.321,Segunda Liga,3,0,1,0
54363,1.109,1.281,0.331,Segunda Liga,3,0,0,2
54368,1.225,0.945,0.307,Segunda Liga,3,0,2,1
54373,1.344,1.136,NA,Australia,4,0,2,0
54378,0.783,1.854,NA,La Liga,1,0,1,1
54383,1.974,0.946,NA,La Liga,1,0,3,2
54403,1.046,1.573,0.288,Mexican,3,0,1,1
54408,1.412,1.298,0.298,Mexican,3,0,2,1
54413,1.348,0.852,0.303,Segunda Liga,3,0,1,1
54418,1.083,1.217,0.299,Segunda Liga,3,0,1,1
54423,1.308,0.922,0.299,Segunda Liga,3,0,1,1
54428,1.313,0.947,0.296,Segunda Liga,3,0,1,1
54438,1.229,1.291,0.298,Mexican,3,0,3,2
54443,1.188,1.083,0.326,Segunda Liga,3,0,1,2
54448,1.852,0.827,0.242,La Liga,1,0,2,1
54458,1.606,0.934,0.268,Mexican,3,0,1,2
54908,1.515,1.165,NA,E Club Frien,5,0,0,1
54918,1.715,0.995,NA,Eng. Conf.,5,0,2,1
54958,1.334,1.216,NA,Eng. FA Cup,2,0,1,4
54963,1.103,1.257,NA,Eng. FA Cup,2,0,0,1
54983,2.061,1.079,NA,Braz  Gaucho,5,0,2,2
55023,2.161,0.658,NA,Turkey SL,3,0,3,1
55033,1.311,1.359,NA,Paulista,5,0,1,1
55038,1.509,1.481,NA,Paulista,5,0,1,0
55043,1.179,1.361,NA,Turkey SL,3,0,1,4
55048,1.678,1.052,NA,Paulista,5,0,0,0
55058,1.872,1.128,NA,Paulista,5,0,3,0
55063,1.954,0.986,NA,Paulista,5,0,2,0
55068,1.477,1.393,NA,Paulista,5,0,3,2
55073,1.805,1.165,NA,Paulista,5,0,3,0
55473,2.155,1.175,0.241,Dutch 1,2,0,7,0
55478,1.391,1.259,0.295,Dutch 1,2,0,0,2
55483,1.474,1.406,0.276,Dutch 1,2,0,1,1
55488,1.295,1.545,0.282,Dutch 1,2,0,0,2
55493,1.927,1.323,0.254,Dutch 1,2,0,3,0
55503,1.7,1.21,0.261,Dutch 1,2,0,1,1
55508,1.9,1.19,0.257,Dutch 1,2,0,2,0
55513,1.679,1.241,0.288,Dutch 1,2,0,2,0
55518,1.39,1.46,0.28,Dutch 1,2,0,0,1
55538,2.316,0.523,0.179,Belgian,3,0,2,1
55543,1.408,1.012,NA,Belgian,3,0,2,0
55548,2.244,0.655,NA,Belgian,3,0,1,0
55553,2.241,0.678,NA,Belgian,3,0,1,0
55558,1.414,1.196,NA,Belgian,3,0,1,0
55563,1.869,0.941,NA,Belgian,3,0,1,1
55568,1.292,1.638,NA,Belgian,3,0,0,0
55573,0.895,1.624,NA,Belgian,3,0,1,1
55578,1.647,0.773,NA,Belgian,3,0,1,1
55583,1.497,1.283,NA,Belgian,3,0,0,0
55613,0.843,1.576,0.277,Eng. Premier,1,0,1,3
55618,1.452,0.978,0.29,Eng. Premier,1,0,0,2
55623,0.777,1.542,0.265,Eng. Premier,1,0,1,1
56233,1.326,0.864,NA,French 2,3,0,2,0
56238,1.285,0.885,NA,French 2,3,0,1,0
56243,1.374,0.846,NA,French 2,3,0,2,1
56248,1.124,1.017,NA,French 2,3,0,3,1
56253,1.982,0.917,0.199,Dutch 1,2,0,2,1
56258,1.522,0.838,NA,French 2,3,0,0,0
56263,1.807,1.013,0.263,Bundesliga,1,0,2,1
56358,1.635,1.045,0.267,Eng. L2,4,0,0,1
56383,1.937,1.073,NA,E Club Frien,5,0,1,1
56628,1.425,1.205,NA,Scot Premier,3,0,1,1
56633,1.625,0.895,0.282,Eng. Premier,1,0,4,1
56653,1.016,1.764,NA,Cyprus 1st D,5,0,1,1
56658,2.207,0.632,NA,Cyprus 1st D,5,0,5,1
56668,1.22,1.71,0.268,Eng. Chship,2,0,2,1
56673,1.551,0.738,NA,French 1,1,0,0,0
56683,1.131,1.149,0.3,Eng L1      ,3,0,2,1
56688,1.218,1.212,NA,Scot Premier,3,0,1,1
56693,2.458,0.611,NA,Scot Premier,3,0,2,0
56698,1.868,0.962,NA,Scot Premier,3,0,1,0
56703,2.026,0.874,NA,Scot Premier,3,0,2,0
56708,1.205,1.066,0.317,Eng. Premier,1,0,0,1
56713,1.782,0.788,0.246,Eng. Premier,1,0,1,0
56718,1.487,0.913,0.29,Eng. Premier,1,0,1,0
56723,1.321,1.059,0.29,Eng. Chship,2,0,2,4
56728,1.485,1.105,0.282,Eng. Chship,2,0,2,3
56733,1.622,0.858,0.253,Eng. Chship,2,0,0,0
56738,1.408,1.072,0.291,Eng. Chship,2,0,1,0
56743,1.486,1.174,0.278,Eng. Chship,2,0,1,2
56748,1.517,1.063,0.288,Eng. Chship,2,0,2,2
56753,1.62,0.95,0.269,Eng. Chship,2,0,1,1
56758,1.524,0.936,0.275,Eng. Chship,2,0,2,1
56763,1.283,1.037,0.294,Eng. Premier,1,0,2,0
56768,1.574,0.806,0.27,Eng. Premier,1,0,1,1
56773,0.875,1.943,0.24,Eng. Premier,1,0,0,3
56778,1.968,1.022,0.235,Bundesliga,1,0,2,1
56783,1.815,0.895,0.249,Bundesliga,1,0,1,1
56788,1.696,1.044,0.265,Bundesliga,1,0,2,2
56793,1.715,1.105,0.266,Bundesliga,1,0,3,3
56798,1.995,0.995,0.239,Bundesliga,1,0,1,3
56803,1.531,1.229,0.284,Bundesliga,1,0,1,1
56808,1.524,0.936,0.309,Serie B,2.5,0,2,3
56813,1.079,1.361,0.327,Serie B,2.5,0,2,2
56818,1.367,1.064,0.343,Serie B,2.5,0,3,0
56823,0.914,1.536,0.303,Serie B,2.5,0,1,1
56828,1.729,0.851,0.283,Serie B,2.5,0,3,0
56833,0.952,1.367,0.339,Serie B,2.5,0,2,4
56843,1.855,0.794,0.26,Serie B,2.5,0,1,0
56848,1.194,1.096,0.349,Serie B,2.5,0,2,2
56853,1.853,0.807,0.251,Serie B,2.5,0,1,0
56873,1.407,1.174,NA,Eng. Conf.,5,0,2,1
56878,1.341,0.869,0.3,Eng. Chship,2,0,0,1
56883,2.15,0.99,0.212,Swiss,3,0,3,0
56888,1.278,1.732,0.292,Swiss,3,0,1,0
56893,1.119,1.42,NA,Serie A,1.5,0,2,2
56903,1.896,1.224,0.256,Dutch 1,2,0,1,1
57018,2.59,0.61,NA,Belgian,3,0,0,0
57023,1.925,0.895,NA,Belgian,3,0,2,0
57028,2.505,0.624,NA,Serie A,1.5,0,2,0
57253,1.085,2.225,NA,Ger.A.Jun.SS,5,0,0,2
57263,1.653,1.487,NA,Ger.A.Jun.SS,5,0,2,1
57283,1.001,2.602,NA,Ger.A.Jun.W,5,0,2,2
57288,3.277,0.555,NA,Ger.A.Jun.W,5,0,8,2
57298,2.791,0.75,NA,Ger.A.Jun.W,5,0,3,5
57328,1.261,1.369,0.288,Dutch 1,2,0,1,1
57333,1.332,1.768,0.268,Dutch 1,2,0,2,1
57343,2.484,1.048,NA,Ger.A.Jun.W,5,0,0,2
57353,2.122,0.447,0.189,Eng. Premier,1,0,1,2
57358,0.913,1.896,0.237,Scot Premier,3,0,1,5
57378,1.306,1.214,NA,Cyprus 1st D,5,0,0,0
57383,2.84,0.32,NA,Cyprus 1st D,5,0,4,0
57388,1.535,1.195,0.294,Bundesliga 2,2,0,0,2
57393,1.616,0.994,0.281,Bundesliga 2,2,0,1,0
57398,1.72,1.1,0.275,Bundesliga 2,2,0,1,2
57403,1.043,1.407,0.294,Bundesliga 2,2,0,3,2
57408,1.382,1.369,0.297,Bundesliga 2,2,0,4,2
57423,1.258,1.522,0.291,Dutch 1,2,0,5,2
57428,1.96,1.11,0.252,Dutch 1,2,0,0,1
57433,1.073,1.477,NA,Serie A,1.5,0,1,2
57438,1.316,1.175,NA,Serie A,1.5,0,3,1
57443,1.718,1.092,NA,Serie A,1.5,0,2,0
57448,1.895,0.754,NA,Serie A,1.5,0,1,0
57453,1.184,1.146,NA,Serie A,1.5,0,1,1
57458,1.17,1.23,NA,Serie A,1.5,0,1,0
57463,1.238,1.112,NA,Serie A,1.5,0,1,1
57478,1.146,1.254,NA,Belgian 2,4,0,1,2
57483,1.944,0.825,NA,Belgian 2,4,0,2,1
57488,1.333,0.857,0.306,Eng. Premier,1,0,0,0
57493,1.422,1.408,0.286,Swiss,3,0,3,3
57498,1.371,1.279,0.289,Swiss,3,0,2,0
57503,1.187,1.273,0.299,Swiss,3,0,2,2
57518,2.038,1.042,0.232,Bundesliga,1,0,1,1
57523,1.257,1.403,0.297,Bundesliga,1,0,2,3
57528,1.319,1.161,NA,Australia,4,0,2,0
57533,1.231,1.069,NA,French 1,1,0,1,4
57538,1.364,1.606,NA,Belgian,3,0,2,1
57553,1.568,1.382,NA,Eng. Conf.,5,0,1,0
57558,0.824,1.704,NA,Serie A,1.5,0,0,2
57563,1.57,1.31,NA,Belgian,3,0,1,3
57568,1.045,1.026,NA,French 1,1,0,0,2
57768,1.391,0.929,0.28,Eng L1      ,3,0,0,2
57888,1.121,1.269,0.292,Eng L1      ,3,0,1,1
57898,1.403,1.117,0.283,Eng L1      ,3,0,1,0
57903,1.609,0.851,0.256,Eng L1      ,3,0,2,0
57928,1.952,1.038,0.235,Eng. Conf.,5,0,1,0
57938,1.107,1.792,0.263,Scot. FA Cup,5,0,0,2
57943,1.267,1.443,NA,Turkey SL,3,0,0,4
57948,2.035,0.865,NA,Italy Cup,2.5,0,1,0
57958,1.467,1.083,NA,Italy Cup,2.5,0,2,1
57963,1.706,0.864,NA,Italy Cup,2.5,0,1,2
57968,0.767,1.99,NA,Serie A,1.5,0,0,1
57973,1.437,1.093,0.304,Spain Cup,2,0,2,1
57978,1.281,1.309,NA,Italy Cup,2.5,0,2,3
57983,1.997,0.822,NA,Spain Cup,2,0,1,0
57988,1.557,0.913,0.284,Spain Cup,2,0,3,2
57993,1.337,0.973,NA,Spain Cup,2,0,3,3
58098,2.068,1.412,NA,Carioca,5,0,2,0
58143,2.103,0.656,NA,Portugal Cup,3,0,4,1
58148,1.796,0.653,NA,Portugal Cup,3,0,2,1
58158,0.952,1.218,0.307,Portugal Primeira Liga,2,0,1,1
58163,1.75,0.861,NA,Portugal 2,4,0,1,0
58168,2.458,0.431,0.14,Portugal Primeira Liga,2,0,4,0
58173,1.965,0.584,0.205,Portugal Primeira Liga,2,0,0,0
58178,0.986,1.064,NA,Portugal 2,4,0,2,1
58183,1.512,1.028,NA,Portugal 2,4,0,4,0
58188,1.521,1.049,NA,Portugal 2,4,0,2,2
58193,1.261,0.809,NA,Portugal 2,4,0,0,0
58198,1.346,0.914,NA,Portugal 2,4,0,3,1
58203,1.279,0.951,0.312,Portugal Primeira Liga,2,0,4,3
58208,1.161,1.059,0.316,Portugal Primeira Liga,2,0,1,0
58213,1.477,0.743,0.277,Portugal Primeira Liga,2,0,2,1
58218,0.896,1.323,0.298,Portugal Primeira Liga,2,0,1,0
58223,1.317,0.873,0.297,Portugal Primeira Liga,2,0,1,2
58228,1.495,1.015,0.283,Mexican,3,0,4,0
58233,1.595,1.075,0.281,Mexican,3,0,0,0
58238,1.243,1.587,0.28,Mexican,3,0,1,1
58243,1.721,0.949,0.263,Mexican,3,0,1,0
58248,1.691,0.969,0.264,Mexican,3,0,6,0
58253,1.881,0.929,0.239,Mexican,3,0,1,2
58263,1.147,1.173,NA,Portugal 2,4,0,1,1
58268,1.452,0.908,NA,Portugal 2,4,0,0,2
58273,1.349,1.141,0.299,Mexican,3,0,2,0
58278,1.403,1.117,0.298,Mexican,3,0,1,1
58858,1.166,1.364,NA,Scot. FA Cup,5,0,0,0
58863,2.582,0.748,NA,Braz Mineiro,5,0,2,1
58868,0.973,1.826,0.236,Scot. FA Cup,5,0,0,0
58908,1.197,1.083,0.289,Eng L1      ,3,0,1,0
58913,1.499,0.851,0.276,Eng L1      ,3,0,3,0
58923,1.324,1.336,0.301,Eng L1      ,3,0,2,1
58933,1.332,1.028,0.284,Eng L1      ,3,0,1,1
58938,1.678,0.962,0.254,Eng L1      ,3,0,3,2
58953,1.234,1.076,0.3,Eng L1      ,3,0,1,0
58968,1.827,0.993,0.255,Eng. Chship,2,0,0,0
58988,1.242,1.158,0.291,Eng. Chship,2,0,0,1
58993,1.536,1.134,0.279,Eng. Chship,2,0,2,4
58998,1.584,0.936,0.273,Eng. Chship,2,0,3,0
59003,1.346,0.994,0.283,Eng. Chship,2,0,1,1
59008,1.325,1.055,0.299,Eng. Chship,2,0,0,1
59013,1.296,1.264,0.285,Eng. Chship,2,0,0,0
59023,1.317,1.113,0.279,Eng. Chship,2,0,0,0
59028,1.658,0.892,0.278,Serie B,2.5,0,0,0
59033,1.24,1.01,0.322,Serie B,2.5,0,0,2
59038,1.004,1.355,0.341,Serie B,2.5,0,1,2
59048,1.397,0.963,0.34,Serie B,2.5,0,4,0
59053,1.339,1.011,0.331,Serie B,2.5,0,0,0
59063,1.97,0.639,0.213,Serie B,2.5,0,3,1
59068,1.498,1.002,0.315,Serie B,2.5,0,2,1
59078,1.825,0.794,0.25,Serie B,2.5,0,3,1
59218,1.335,0.985,0.292,Copa Liber.,2,0,4,3
59223,1.989,0.991,0.26,Copa Liber.,2,0,1,0
59463,2.05,0.94,NA,Chilean,4,0,0,2
59468,1.326,1.703,NA,Chilean,4,0,0,0
59473,1.018,1.881,NA,Chilean,4,0,0,2
59528,1.162,1.378,NA,Turkey Cup,4,0,0,1
59538,0.919,1.74,NA,Turkey Cup,4,0,1,0
59543,0.899,1.61,0.29,La Liga,1,0,2,0
59583,1.141,0.829,NA,Serie C1 B,5,0,1,0
59593,1.646,1.004,0.282,La Liga,1,0,1,0
59598,1.427,1.103,0.283,La Liga,1,0,0,2
59603,1.128,1.412,0.293,La Liga,1,0,1,2
59978,1.972,0.988,NA,E Club Frien,5,0,1,1
59993,2.215,1.265,NA,Carioca,5,0,1,1
60003,2.399,0.822,NA,Carioca,5,0,2,0
60008,2.318,0.953,NA,Carioca,5,0,2,1
60023,2.79,0.964,NA,Carioca,5,0,1,1
60028,1.342,1.548,NA,Carioca,5,0,2,3
60058,2.599,1.033,NA,Carioca,5,0,4,0
60063,2.749,0.844,NA,Carioca,5,0,6,1
60068,1.434,1.456,NA,Carioca,5,0,1,4
60143,1.561,1.339,NA,E Club Frien,5,0,1,0
60168,2.439,0.831,0.184,Scot Premier,3,0,4,2
60183,0.576,2.031,0.225,UEFA Cup,1,0,2,2
60188,1.255,1.075,NA,Club Friendl,5,0,0,2
60213,0.918,1.301,0.31,UEFA Cup,1,0,1,3
60218,0.942,1.487,0.288,UEFA Cup,1,0,0,1
60223,0.849,1.68,0.273,UEFA Cup,1,0,1,2
60228,0.978,1.161,0.299,UEFA Cup,1,0,1,0
60238,1.063,1.757,NA,EngFA Trophy,5,0,0,2
60248,1.422,1.368,NA,Eng. Conf. N,5,0,1,0
60253,1.619,1.281,NA,Eng. Conf.,5,0,0,0
60278,2.25,1.051,NA,Braz  Gaucho,5,0,0,1
60313,1.106,1.673,NA,Paulista,5,0,0,0
60318,2.279,0.831,NA,Paulista,5,0,0,0
60328,1.405,1.505,NA,Paulista,5,0,1,0
60338,1.433,1.297,NA,Paulista,5,0,0,0
60343,1.936,0.984,NA,Paulista,5,0,3,1
60348,1.835,1.105,NA,Paulista,5,0,0,3
60388,1.906,1.164,NA,Paulista,5,0,3,0
60393,1.272,1.548,NA,Paulista,5,0,1,1
60398,1.662,1.188,NA,Paulista,5,0,3,1
60403,1.773,1.127,NA,Paulista,5,0,1,0
60408,1.271,1.589,NA,Paulista,5,0,0,2
60418,1.919,1.011,NA,Paulista,5,0,1,2
60503,1.521,1.049,NA,Finland Cup,5,0,6,4
60573,1.335,1.785,NA,E Club Frien,5,0,0,1
60588,1.632,0.656,NA,E Club Frien,5,0,0,0
60608,1.376,1.474,NA,La Manga Cup,5,0,0,2
60803,1.261,1.009,NA,French 2,3,0,0,0
60808,1.3,0.789,NA,French 2,3,0,1,0
60813,0.845,1.494,NA,French 2,3,0,3,4
60818,1.175,1.035,NA,French 2,3,0,2,2
60823,1.109,1.181,NA,French 2,3,0,0,1
60828,1.108,0.962,NA,French 2,3,0,2,1
60838,3.031,0.792,0.124,Dutch 1,2,0,6,2
60843,1.312,0.928,NA,French 2,3,0,2,0
60848,1.96,1,0.24,Bundesliga,1,0,1,2
60853,1.496,1.384,0.278,Belgian,3,0,3,2
60888,1.396,1.334,NA,La Manga I.T,5,0,1,0
61358,1.427,1.113,NA,German Reg.,5,0,1,0
61363,1.321,1.179,NA,German Reg.,5,0,1,1
61368,1.185,1.314,NA,German Reg.,5,0,2,0
61373,1.37,1.12,NA,German Reg.,5,0,2,0
61378,1.432,1.228,NA,German Reg.,5,0,1,2
61383,1.118,1.082,NA,German Reg.,5,0,0,1
61388,1.951,0.949,NA,Cyprus 1st D,5,0,1,0
61398,2.163,0.866,NA,Cyprus 1st D,5,0,2,1
61403,1.76,1.55,NA,Ger.A.Jun.W,5,0,1,0
61408,1.406,1.254,0.282,Scot Premier,3,0,1,1
61418,1.381,0.929,0.269,Scot Premier,3,0,4,0
61423,2.26,0.76,0.17,Scot Premier,3,0,3,0
61433,1.514,0.846,0.267,Eng L1      ,3,0,2,0
61438,1.84,1.09,0.25,Eng L1      ,3,0,2,1
61443,0.948,1.791,0.251,Eng L1      ,3,0,0,2
61453,1.619,0.77,0.256,Eng L1      ,3,0,1,0
61458,1.482,0.998,0.273,Eng L1      ,3,0,4,0
61463,1.336,1.164,0.289,Eng L1      ,3,0,0,1
61473,1.291,1.109,0.295,Eng L1      ,3,0,1,1
61478,1.218,1.022,0.318,Eng. Chship,2,0,4,0
61483,1.669,0.891,0.276,Eng. Chship,2,0,2,1
61488,1.646,0.974,0.287,Eng. Chship,2,0,1,1
61498,2.692,0.478,0.123,Eng. FA Cup,2,0,1,2
61508,2.807,0.444,0.092,Eng. FA Cup,2,0,3,1
61513,1.383,0.967,0.3,Eng. FA Cup,2,0,2,0
61518,1.092,0.988,NA,So Africa PL,5,0,0,1
61533,1.272,0.888,NA,So Africa PL,5,0,2,0
61538,1.281,1.269,0.288,Bundesliga,1,0,1,0
61543,1.775,0.995,NA,Bundesliga,1,0,1,0
61548,1.474,1.406,0.288,Bundesliga,1,0,0,2
61553,2.409,0.771,NA,Bundesliga,1,0,2,0
61558,1.314,1.506,0.282,Bundesliga,1,0,2,2
61563,1.243,1.597,0.288,Bundesliga,1,0,2,3
61568,1.705,0.875,0.268,Serie B,2.5,0,1,0
61573,1.135,1.225,0.339,Serie B,2.5,0,0,0
61583,1.298,1.192,0.332,Serie B,2.5,0,1,2
61588,1.437,1.053,0.332,Serie B,2.5,0,1,1
61593,1.415,0.975,0.314,Serie B,2.5,0,0,0
61603,1.731,0.758,0.257,Serie B,2.5,0,2,0
61608,1.922,0.696,0.226,Serie B,2.5,0,2,0
61613,1.816,0.763,0.242,Serie B,2.5,0,2,0
61633,1.966,1.014,NA,Paulista,5,0,2,1
61638,0.804,1.345,NA,Czech,5,0,0,2
61643,1.291,0.719,NA,Czech,5,0,1,1
61648,0.971,1.338,NA,French 1,1,0,1,0
61673,1.807,0.943,NA,Swiss,3,0,1,2
61678,1.22,1.13,0.309,Austrian,3,0,1,0
61683,2.064,0.585,0.198,Austrian,3,0,1,1
61688,0.93,1.509,NA,Serie A,1.5,0,0,0
61698,1.015,1.315,0.287,Austrian,3,0,0,2
61703,1.07,2.149,NA,Paulista,5,0,0,4
61708,1.849,1.261,NA,Paulista,5,0,3,2
